index,correlation_eigenvalue
0,1.150316834635239
1,1.1259121317912508
2,1.1185600055462972
3,1.1163089427152402
4,1.1149072408072476
5,1.1122973895760875
6,1.1104925374334815
7,1.1080563406021233
8,1.1041984569132417
9,1.103046147993822
10,1.1003994331226055
11,1.0982219109446336
12,1.0975027467682166
13,1.094294122671841
14,1.0932845891895397
15,1.0913111462250125
16,1.0905479682985808
17,1.0898601651012192
18,1.086113010889808
19,1.0840879954411131
20,1.0824193171434673
21,1.0815812073998294
22,1.0800199240899315
23,1.0794919238896743
24,1.077284494043202
25,1.076259244035223
26,1.0745324972416892
27,1.073647842921568
28,1.0725806165204563
29,1.0717531699109797
30,1.0689330420549337
31,1.0683959448323612
32,1.0677076351614205
33,1.066127808777022
34,1.0643744815802774
35,1.0626362333894086
36,1.0610550651501471
37,1.059887126005124
38,1.0586646014412
39,1.0566439522279205
40,1.0548316897382009
41,1.054014170875801
42,1.0538860122863896
43,1.0536589098175122
44,1.0533021699373688
45,1.05116035326443
46,1.0509601235833201
47,1.050412543354116
48,1.047986283935341
49,1.0472040727022343
50,1.0464820159567307
51,1.0451116574316737
52,1.0444607569393762
53,1.044151898429384
54,1.0432620054600839
55,1.0409083834414996
56,1.0392903640604636
57,1.0390640971251692
58,1.0380721191144242
59,1.0363584269154993
60,1.0360184916783732
61,1.0345206522289847
62,1.03297627627846
63,1.0325175226713408
64,1.0314809915685674
65,1.0312284952356194
66,1.0294847106228313
67,1.0287754975671488
68,1.0267646906943684
69,1.0260986789840438
70,1.025819259574845
71,1.0243012863414644
72,1.0241135703077613
73,1.0225662925520957
74,1.0220554331813583
75,1.0198730864240768
76,1.0196191556550382
77,1.0189025710948052
78,1.018094699685042
79,1.0167184251179622
80,1.0149839950839197
81,1.0146398129008922
82,1.0142572596772625
83,1.0133540775755483
84,1.0124662158932514
85,1.011111128544198
86,1.0104071042384488
87,1.0090355155856443
88,1.0083628013515902
89,1.0070509621851458
90,1.0066747230783881
91,1.0060174824866277
92,1.0047019528318606
93,1.0043586773218183
94,1.002942125458043
95,1.0011177009314358
96,1.0003611417501501
97,0.9994908218185371
98,0.9990423214975079
99,0.9982685321959117
100,0.9980960963062692
101,0.9977959702079088
102,0.9971050308577306
103,0.9960281630887893
104,0.9935159189510432
105,0.9924864625144054
106,0.9918339455964857
107,0.990840941653216
108,0.9892735359237944
109,0.9887657004950205
110,0.9873568628218194
111,0.9867020712115704
112,0.9862028122080485
113,0.9849278054597158
114,0.9837758119935517
115,0.9829427896979734
116,0.9823008721249045
117,0.9816037327231433
118,0.9804447059839431
119,0.9791360473967471
120,0.9782548702824122
121,0.9777240288101933
122,0.9766653979433632
123,0.976393278762593
124,0.9738855916296199
125,0.9733963183637521
126,0.9725271992562593
127,0.9714475964306062
128,0.9708316076833525
129,0.9693083977209759
130,0.9691122161726256
131,0.9685193514507802
132,0.967095564023497
133,0.9656803189896601
134,0.9650620908386495
135,0.9645722391736197
136,0.9634523208673331
137,0.9624192541748567
138,0.9616986140860784
139,0.9609343795653363
140,0.9600348813361325
141,0.9595617913570966
142,0.9588226496452809
143,0.9571589113902382
144,0.9570163110822357
145,0.9559864093614339
146,0.9541744354936434
147,0.9535429201277367
148,0.9527100309112195
149,0.951382694759155
150,0.9512147613945873
151,0.9498639584797327
152,0.9484608732381037
153,0.9478109108494662
154,0.946659677094004
155,0.9461702668420567
156,0.9437640576833116
157,0.9433270023903215
158,0.9422110324238744
159,0.9418333322165051
160,0.9407495094051801
161,0.9400835577783042
162,0.9392403270199194
163,0.9379595273176232
164,0.9349989366512829
165,0.9347506072384764
166,0.9334210577188452
167,0.9329780866215099
168,0.9324792735927663
169,0.9305761162358753
170,0.9295215478878635
171,0.9288443449713846
172,0.9274593226450721
173,0.9267271855774838
174,0.9252467736161707
175,0.9246671568411887
176,0.9231747926052344
177,0.9225283285890556
178,0.9220437821590033
179,0.9194091988994804
180,0.9183828883850037
181,0.9172513762400629
182,0.9160978931117627
183,0.9151519805014596
184,0.9148803116645248
185,0.9137367760106706
186,0.9128592057254143
187,0.9109291022050049
188,0.9100718169704823
189,0.9069969498716982
190,0.9056228808811176
191,0.9052194906245102
192,0.9035484245298927
193,0.9015081986248727
194,0.900355434871984
195,0.8987349204081819
196,0.8967836264149699
197,0.8938089017273322
198,0.8919813080085994
199,0.8885288196111111
