score_i,score_j,correlation_measured,score_correlation,cohort_jaccard,n_shared_cohorts,shared_cohorts,n_eff_i,n_eff_j
PGS000010,PGS000019,True,0.2282024997940653,0.17777777777777778,8,ADVANCE;GerMIFS;LURIC;MIGen;MedSTAR;OHGS;PennCATH;WTCCC,66204.0,187599.0
PGS000010,PGS000116,True,-0.37512219519244383,0.17777777777777778,8,ADVANCE;GerMIFS;LURIC;MIGen;MedSTAR;OHGS;PennCATH;WTCCC,66204.0,187599.0
PGS000010,PGS000200,True,0.9047494087363666,0.8461538461538461,11,ADVANCE;AtheroRemo;CADomics;CHARGE;GerMIFS;LURIC;MIGen;MedSTAR;OHGS;PennCATH;WTCCC,66204.0,126029.0
PGS000010,PGS000746,True,0.38417710960413276,0.17777777777777778,8,ADVANCE;GerMIFS;LURIC;MIGen;MedSTAR;OHGS;PennCATH;WTCCC,66204.0,187599.0
PGS000010,PGS000747,True,0.11263448694032603,0.17777777777777778,8,ADVANCE;GerMIFS;LURIC;MIGen;MedSTAR;OHGS;PennCATH;WTCCC,66204.0,187599.0
PGS000010,PGS000749,True,0.17328722853904432,0.17777777777777778,8,ADVANCE;GerMIFS;LURIC;MIGen;MedSTAR;OHGS;PennCATH;WTCCC,66204.0,187599.0
PGS000010,PGS001780,True,0.31648207344353485,0.17777777777777778,8,ADVANCE;GerMIFS;LURIC;MIGen;MedSTAR;OHGS;PennCATH;WTCCC,66204.0,187599.0
PGS000010,PGS002775,True,0.472842769879428,0.17777777777777778,8,ADVANCE;GerMIFS;LURIC;MIGen;MedSTAR;OHGS;PennCATH;WTCCC,66204.0,187599.0
PGS000010,PGS002776,True,0.523221412939928,0.17777777777777778,8,ADVANCE;GerMIFS;LURIC;MIGen;MedSTAR;OHGS;PennCATH;WTCCC,66204.0,187599.0
PGS000010,PGS003446,True,0.02875113569011092,0.0,0,,66204.0,959564.0
PGS000010,PGS003727,True,0.3061651943090659,0.0,0,,66204.0,287603.0
PGS000010,PGS004237,True,-0.45955659893354783,nan,0,,66204.0,187599.0
PGS000010,PGS004595,True,0.34888586945846217,0.0,0,,66204.0,773268.0
PGS000010,PGS004596,True,0.7325997117423299,nan,0,,66204.0,187599.0
PGS000010,PGS004697,True,0.20001615137399126,0.0,0,,66204.0,1866350.0
PGS000010,PGS004698,True,0.18300035192010658,0.0,0,,66204.0,1093080.0
PGS000010,PGS005152,True,0.27962895739698257,nan,0,,66204.0,215310.0
PGS000010,PGS005293,True,0.354785231738286,nan,0,,66204.0,310368.0
PGS000010,PGS005294,True,0.354785231738286,nan,0,,66204.0,310368.0
PGS000010,PGS005295,True,0.34586024529312026,nan,0,,66204.0,310368.0
PGS000010,PGS012530,True,0.37558413485129566,0.0,0,,66204.0,14829200.0
PGS000010,PGS012542,True,0.2457772353352584,0.0,0,,66204.0,162973.0
PGS000010,PGS012581,True,0.18824026851357795,nan,0,,66204.0,187599.0
PGS000019,PGS000116,True,-0.3685162540838918,1.0,41,ADVANCE;AGES;AIDHS;ARIC;BAS;BioMe;CARDIOGENICS;CAS;CCGB;COROGENE;DUKE_2;EGCUT;FGENTCARD;FHS;FINRISK;FamHS;GENRIC;GerMIFS;GoDARTS;HPS;HSDS;HSIEA;ITH;LIFE-HEART;LOLIPOP;LURIC;MAYO-VDB;MIGen;MedSTAR;OHGS;PIVUS;PROCARDIS;PROMIS;PROSPER;PennCATH;RS;SDS;TwinGene;ULSAM;WGHS;WTCCC,187599.0,187599.0
PGS000019,PGS000200,True,0.16408335558976106,0.17777777777777778,8,ADVANCE;GerMIFS;LURIC;MIGen;MedSTAR;OHGS;PennCATH;WTCCC,187599.0,126029.0
PGS000019,PGS000746,True,0.35358972981863757,1.0,41,ADVANCE;AGES;AIDHS;ARIC;BAS;BioMe;CARDIOGENICS;CAS;CCGB;COROGENE;DUKE_2;EGCUT;FGENTCARD;FHS;FINRISK;FamHS;GENRIC;GerMIFS;GoDARTS;HPS;HSDS;HSIEA;ITH;LIFE-HEART;LOLIPOP;LURIC;MAYO-VDB;MIGen;MedSTAR;OHGS;PIVUS;PROCARDIS;PROMIS;PROSPER;PennCATH;RS;SDS;TwinGene;ULSAM;WGHS;WTCCC,187599.0,187599.0
PGS000019,PGS000747,True,0.1118633321794728,1.0,41,ADVANCE;AGES;AIDHS;ARIC;BAS;BioMe;CARDIOGENICS;CAS;CCGB;COROGENE;DUKE_2;EGCUT;FGENTCARD;FHS;FINRISK;FamHS;GENRIC;GerMIFS;GoDARTS;HPS;HSDS;HSIEA;ITH;LIFE-HEART;LOLIPOP;LURIC;MAYO-VDB;MIGen;MedSTAR;OHGS;PIVUS;PROCARDIS;PROMIS;PROSPER;PennCATH;RS;SDS;TwinGene;ULSAM;WGHS;WTCCC,187599.0,187599.0
PGS000019,PGS000749,True,0.10297653706579296,1.0,41,ADVANCE;AGES;AIDHS;ARIC;BAS;BioMe;CARDIOGENICS;CAS;CCGB;COROGENE;DUKE_2;EGCUT;FGENTCARD;FHS;FINRISK;FamHS;GENRIC;GerMIFS;GoDARTS;HPS;HSDS;HSIEA;ITH;LIFE-HEART;LOLIPOP;LURIC;MAYO-VDB;MIGen;MedSTAR;OHGS;PIVUS;PROCARDIS;PROMIS;PROSPER;PennCATH;RS;SDS;TwinGene;ULSAM;WGHS;WTCCC,187599.0,187599.0
PGS000019,PGS001780,True,0.2719756686263347,1.0,41,ADVANCE;AGES;AIDHS;ARIC;BAS;BioMe;CARDIOGENICS;CAS;CCGB;COROGENE;DUKE_2;EGCUT;FGENTCARD;FHS;FINRISK;FamHS;GENRIC;GerMIFS;GoDARTS;HPS;HSDS;HSIEA;ITH;LIFE-HEART;LOLIPOP;LURIC;MAYO-VDB;MIGen;MedSTAR;OHGS;PIVUS;PROCARDIS;PROMIS;PROSPER;PennCATH;RS;SDS;TwinGene;ULSAM;WGHS;WTCCC,187599.0,187599.0
PGS000019,PGS002775,True,0.39790522904536996,1.0,41,ADVANCE;AGES;AIDHS;ARIC;BAS;BioMe;CARDIOGENICS;CAS;CCGB;COROGENE;DUKE_2;EGCUT;FGENTCARD;FHS;FINRISK;FamHS;GENRIC;GerMIFS;GoDARTS;HPS;HSDS;HSIEA;ITH;LIFE-HEART;LOLIPOP;LURIC;MAYO-VDB;MIGen;MedSTAR;OHGS;PIVUS;PROCARDIS;PROMIS;PROSPER;PennCATH;RS;SDS;TwinGene;ULSAM;WGHS;WTCCC,187599.0,187599.0
PGS000019,PGS002776,True,0.49493501272371304,1.0,41,ADVANCE;AGES;AIDHS;ARIC;BAS;BioMe;CARDIOGENICS;CAS;CCGB;COROGENE;DUKE_2;EGCUT;FGENTCARD;FHS;FINRISK;FamHS;GENRIC;GerMIFS;GoDARTS;HPS;HSDS;HSIEA;ITH;LIFE-HEART;LOLIPOP;LURIC;MAYO-VDB;MIGen;MedSTAR;OHGS;PIVUS;PROCARDIS;PROMIS;PROSPER;PennCATH;RS;SDS;TwinGene;ULSAM;WGHS;WTCCC,187599.0,187599.0
PGS000019,PGS003446,True,0.039057241190062535,0.0,0,,187599.0,959564.0
PGS000019,PGS003727,True,0.26871334333080443,0.0,0,,187599.0,287603.0
PGS000019,PGS004237,True,-0.3370937636431338,nan,0,,187599.0,187599.0
PGS000019,PGS004595,True,0.1866237288992945,0.0,0,,187599.0,773268.0
PGS000019,PGS004596,True,0.21062787100654015,nan,0,,187599.0,187599.0
PGS000019,PGS004697,True,0.1685811454773456,0.0,0,,187599.0,1866350.0
PGS000019,PGS004698,True,0.14920031529322914,0.0,0,,187599.0,1093080.0
PGS000019,PGS005152,True,0.21972960437366887,nan,0,,187599.0,215310.0
PGS000019,PGS005293,True,0.23516645740092287,nan,0,,187599.0,310368.0
PGS000019,PGS005294,True,0.23516645740092287,nan,0,,187599.0,310368.0
PGS000019,PGS005295,True,0.22918270655882064,nan,0,,187599.0,310368.0
PGS000019,PGS012530,True,0.2881308587145425,0.02702702702702703,2,BAS;CAS,187599.0,14829200.0
PGS000019,PGS012542,True,0.25786926969560314,0.0,0,,187599.0,162973.0
PGS000019,PGS012581,True,0.8451508488821348,nan,0,,187599.0,187599.0
PGS000116,PGS000200,True,-0.3249031755070865,0.17777777777777778,8,ADVANCE;GerMIFS;LURIC;MIGen;MedSTAR;OHGS;PennCATH;WTCCC,187599.0,126029.0
PGS000116,PGS000746,True,-0.42182131305155607,1.0,41,ADVANCE;AGES;AIDHS;ARIC;BAS;BioMe;CARDIOGENICS;CAS;CCGB;COROGENE;DUKE_2;EGCUT;FGENTCARD;FHS;FINRISK;FamHS;GENRIC;GerMIFS;GoDARTS;HPS;HSDS;HSIEA;ITH;LIFE-HEART;LOLIPOP;LURIC;MAYO-VDB;MIGen;MedSTAR;OHGS;PIVUS;PROCARDIS;PROMIS;PROSPER;PennCATH;RS;SDS;TwinGene;ULSAM;WGHS;WTCCC,187599.0,187599.0
PGS000116,PGS000747,True,-0.3126398168298036,1.0,41,ADVANCE;AGES;AIDHS;ARIC;BAS;BioMe;CARDIOGENICS;CAS;CCGB;COROGENE;DUKE_2;EGCUT;FGENTCARD;FHS;FINRISK;FamHS;GENRIC;GerMIFS;GoDARTS;HPS;HSDS;HSIEA;ITH;LIFE-HEART;LOLIPOP;LURIC;MAYO-VDB;MIGen;MedSTAR;OHGS;PIVUS;PROCARDIS;PROMIS;PROSPER;PennCATH;RS;SDS;TwinGene;ULSAM;WGHS;WTCCC,187599.0,187599.0
PGS000116,PGS000749,True,-0.36466692897853287,1.0,41,ADVANCE;AGES;AIDHS;ARIC;BAS;BioMe;CARDIOGENICS;CAS;CCGB;COROGENE;DUKE_2;EGCUT;FGENTCARD;FHS;FINRISK;FamHS;GENRIC;GerMIFS;GoDARTS;HPS;HSDS;HSIEA;ITH;LIFE-HEART;LOLIPOP;LURIC;MAYO-VDB;MIGen;MedSTAR;OHGS;PIVUS;PROCARDIS;PROMIS;PROSPER;PennCATH;RS;SDS;TwinGene;ULSAM;WGHS;WTCCC,187599.0,187599.0
PGS000116,PGS001780,True,-0.5252710808761181,1.0,41,ADVANCE;AGES;AIDHS;ARIC;BAS;BioMe;CARDIOGENICS;CAS;CCGB;COROGENE;DUKE_2;EGCUT;FGENTCARD;FHS;FINRISK;FamHS;GENRIC;GerMIFS;GoDARTS;HPS;HSDS;HSIEA;ITH;LIFE-HEART;LOLIPOP;LURIC;MAYO-VDB;MIGen;MedSTAR;OHGS;PIVUS;PROCARDIS;PROMIS;PROSPER;PennCATH;RS;SDS;TwinGene;ULSAM;WGHS;WTCCC,187599.0,187599.0
PGS000116,PGS002775,True,-0.5863528310897529,1.0,41,ADVANCE;AGES;AIDHS;ARIC;BAS;BioMe;CARDIOGENICS;CAS;CCGB;COROGENE;DUKE_2;EGCUT;FGENTCARD;FHS;FINRISK;FamHS;GENRIC;GerMIFS;GoDARTS;HPS;HSDS;HSIEA;ITH;LIFE-HEART;LOLIPOP;LURIC;MAYO-VDB;MIGen;MedSTAR;OHGS;PIVUS;PROCARDIS;PROMIS;PROSPER;PennCATH;RS;SDS;TwinGene;ULSAM;WGHS;WTCCC,187599.0,187599.0
PGS000116,PGS002776,True,-0.6278167180545055,1.0,41,ADVANCE;AGES;AIDHS;ARIC;BAS;BioMe;CARDIOGENICS;CAS;CCGB;COROGENE;DUKE_2;EGCUT;FGENTCARD;FHS;FINRISK;FamHS;GENRIC;GerMIFS;GoDARTS;HPS;HSDS;HSIEA;ITH;LIFE-HEART;LOLIPOP;LURIC;MAYO-VDB;MIGen;MedSTAR;OHGS;PIVUS;PROCARDIS;PROMIS;PROSPER;PennCATH;RS;SDS;TwinGene;ULSAM;WGHS;WTCCC,187599.0,187599.0
PGS000116,PGS003446,True,-0.18171833547699695,0.0,0,,187599.0,959564.0
PGS000116,PGS003727,True,-0.471614353481975,0.0,0,,187599.0,287603.0
PGS000116,PGS004237,True,0.5984507743184583,nan,0,,187599.0,187599.0
PGS000116,PGS004595,True,-0.22076129119002819,0.0,0,,187599.0,773268.0
PGS000116,PGS004596,True,-0.3386160595333973,nan,0,,187599.0,187599.0
PGS000116,PGS004697,True,-0.3273041795343722,0.0,0,,187599.0,1866350.0
PGS000116,PGS004698,True,-0.3413686223491774,0.0,0,,187599.0,1093080.0
PGS000116,PGS005152,True,-0.31953827355498415,nan,0,,187599.0,215310.0
PGS000116,PGS005293,True,-0.4717973271860781,nan,0,,187599.0,310368.0
PGS000116,PGS005294,True,-0.4717973271860781,nan,0,,187599.0,310368.0
PGS000116,PGS005295,True,-0.46725194662412045,nan,0,,187599.0,310368.0
PGS000116,PGS012530,True,-0.4501477745936428,0.02702702702702703,2,BAS;CAS,187599.0,14829200.0
PGS000116,PGS012542,True,-0.42692354617707495,0.0,0,,187599.0,162973.0
PGS000116,PGS012581,True,-0.3770624974043986,nan,0,,187599.0,187599.0
PGS000200,PGS000746,True,0.33909964202771065,0.17777777777777778,8,ADVANCE;GerMIFS;LURIC;MIGen;MedSTAR;OHGS;PennCATH;WTCCC,126029.0,187599.0
PGS000200,PGS000747,True,0.09799372487418652,0.17777777777777778,8,ADVANCE;GerMIFS;LURIC;MIGen;MedSTAR;OHGS;PennCATH;WTCCC,126029.0,187599.0
PGS000200,PGS000749,True,0.16386207470058964,0.17777777777777778,8,ADVANCE;GerMIFS;LURIC;MIGen;MedSTAR;OHGS;PennCATH;WTCCC,126029.0,187599.0
PGS000200,PGS001780,True,0.2992350312527054,0.17777777777777778,8,ADVANCE;GerMIFS;LURIC;MIGen;MedSTAR;OHGS;PennCATH;WTCCC,126029.0,187599.0
PGS000200,PGS002775,True,0.4296127754621994,0.17777777777777778,8,ADVANCE;GerMIFS;LURIC;MIGen;MedSTAR;OHGS;PennCATH;WTCCC,126029.0,187599.0
PGS000200,PGS002776,True,0.45791166483716766,0.17777777777777778,8,ADVANCE;GerMIFS;LURIC;MIGen;MedSTAR;OHGS;PennCATH;WTCCC,126029.0,187599.0
PGS000200,PGS003446,True,0.028807608070170417,0.0,0,,126029.0,959564.0
PGS000200,PGS003727,True,0.2936690523913147,0.0,0,,126029.0,287603.0
PGS000200,PGS004237,True,-0.4356110150183336,nan,0,,126029.0,187599.0
PGS000200,PGS004595,True,0.42083105095002327,0.0,0,,126029.0,773268.0
PGS000200,PGS004596,True,0.8133374883510464,nan,0,,126029.0,187599.0
PGS000200,PGS004697,True,0.19014834574657144,0.0,0,,126029.0,1866350.0
PGS000200,PGS004698,True,0.1622148598362439,0.0,0,,126029.0,1093080.0
PGS000200,PGS005152,True,0.3076356239269148,nan,0,,126029.0,215310.0
PGS000200,PGS005293,True,0.36099804682670306,nan,0,,126029.0,310368.0
PGS000200,PGS005294,True,0.36099804682670306,nan,0,,126029.0,310368.0
PGS000200,PGS005295,True,0.35133866857256274,nan,0,,126029.0,310368.0
PGS000200,PGS012530,True,0.35991453195871403,0.0,0,,126029.0,14829200.0
PGS000200,PGS012542,True,0.23558470358115155,0.0,0,,126029.0,162973.0
PGS000200,PGS012581,True,0.1077770582642868,nan,0,,126029.0,187599.0
PGS000746,PGS000747,True,0.323965435563998,1.0,41,ADVANCE;AGES;AIDHS;ARIC;BAS;BioMe;CARDIOGENICS;CAS;CCGB;COROGENE;DUKE_2;EGCUT;FGENTCARD;FHS;FINRISK;FamHS;GENRIC;GerMIFS;GoDARTS;HPS;HSDS;HSIEA;ITH;LIFE-HEART;LOLIPOP;LURIC;MAYO-VDB;MIGen;MedSTAR;OHGS;PIVUS;PROCARDIS;PROMIS;PROSPER;PennCATH;RS;SDS;TwinGene;ULSAM;WGHS;WTCCC,187599.0,187599.0
PGS000746,PGS000749,True,0.3337047636431263,1.0,41,ADVANCE;AGES;AIDHS;ARIC;BAS;BioMe;CARDIOGENICS;CAS;CCGB;COROGENE;DUKE_2;EGCUT;FGENTCARD;FHS;FINRISK;FamHS;GENRIC;GerMIFS;GoDARTS;HPS;HSDS;HSIEA;ITH;LIFE-HEART;LOLIPOP;LURIC;MAYO-VDB;MIGen;MedSTAR;OHGS;PIVUS;PROCARDIS;PROMIS;PROSPER;PennCATH;RS;SDS;TwinGene;ULSAM;WGHS;WTCCC,187599.0,187599.0
PGS000746,PGS001780,True,0.46617061917248015,1.0,41,ADVANCE;AGES;AIDHS;ARIC;BAS;BioMe;CARDIOGENICS;CAS;CCGB;COROGENE;DUKE_2;EGCUT;FGENTCARD;FHS;FINRISK;FamHS;GENRIC;GerMIFS;GoDARTS;HPS;HSDS;HSIEA;ITH;LIFE-HEART;LOLIPOP;LURIC;MAYO-VDB;MIGen;MedSTAR;OHGS;PIVUS;PROCARDIS;PROMIS;PROSPER;PennCATH;RS;SDS;TwinGene;ULSAM;WGHS;WTCCC,187599.0,187599.0
PGS000746,PGS002775,True,0.5455940122733997,1.0,41,ADVANCE;AGES;AIDHS;ARIC;BAS;BioMe;CARDIOGENICS;CAS;CCGB;COROGENE;DUKE_2;EGCUT;FGENTCARD;FHS;FINRISK;FamHS;GENRIC;GerMIFS;GoDARTS;HPS;HSDS;HSIEA;ITH;LIFE-HEART;LOLIPOP;LURIC;MAYO-VDB;MIGen;MedSTAR;OHGS;PIVUS;PROCARDIS;PROMIS;PROSPER;PennCATH;RS;SDS;TwinGene;ULSAM;WGHS;WTCCC,187599.0,187599.0
PGS000746,PGS002776,True,0.49636594520170796,1.0,41,ADVANCE;AGES;AIDHS;ARIC;BAS;BioMe;CARDIOGENICS;CAS;CCGB;COROGENE;DUKE_2;EGCUT;FGENTCARD;FHS;FINRISK;FamHS;GENRIC;GerMIFS;GoDARTS;HPS;HSDS;HSIEA;ITH;LIFE-HEART;LOLIPOP;LURIC;MAYO-VDB;MIGen;MedSTAR;OHGS;PIVUS;PROCARDIS;PROMIS;PROSPER;PennCATH;RS;SDS;TwinGene;ULSAM;WGHS;WTCCC,187599.0,187599.0
PGS000746,PGS003446,True,0.1374696400053744,0.0,0,,187599.0,959564.0
PGS000746,PGS003727,True,0.43573711278770594,0.0,0,,187599.0,287603.0
PGS000746,PGS004237,True,-0.5485674749746193,nan,0,,187599.0,187599.0
PGS000746,PGS004595,True,0.2603804028136788,0.0,0,,187599.0,773268.0
PGS000746,PGS004596,True,0.3727596227566927,nan,0,,187599.0,187599.0
PGS000746,PGS004697,True,0.301453602120748,0.0,0,,187599.0,1866350.0
PGS000746,PGS004698,True,0.326438274372603,0.0,0,,187599.0,1093080.0
PGS000746,PGS005152,True,0.2643644855322424,nan,0,,187599.0,215310.0
PGS000746,PGS005293,True,0.4297427024778512,nan,0,,187599.0,310368.0
PGS000746,PGS005294,True,0.4297427024778512,nan,0,,187599.0,310368.0
PGS000746,PGS005295,True,0.42469442359246107,nan,0,,187599.0,310368.0
PGS000746,PGS012530,True,0.42261065767000117,0.02702702702702703,2,BAS;CAS,187599.0,14829200.0
PGS000746,PGS012542,True,0.38976972915948715,0.0,0,,187599.0,162973.0
PGS000746,PGS012581,True,0.3691427588030478,nan,0,,187599.0,187599.0
PGS000747,PGS000749,True,0.6610834205509001,1.0,41,ADVANCE;AGES;AIDHS;ARIC;BAS;BioMe;CARDIOGENICS;CAS;CCGB;COROGENE;DUKE_2;EGCUT;FGENTCARD;FHS;FINRISK;FamHS;GENRIC;GerMIFS;GoDARTS;HPS;HSDS;HSIEA;ITH;LIFE-HEART;LOLIPOP;LURIC;MAYO-VDB;MIGen;MedSTAR;OHGS;PIVUS;PROCARDIS;PROMIS;PROSPER;PennCATH;RS;SDS;TwinGene;ULSAM;WGHS;WTCCC,187599.0,187599.0
PGS000747,PGS001780,True,0.6596450419676493,1.0,41,ADVANCE;AGES;AIDHS;ARIC;BAS;BioMe;CARDIOGENICS;CAS;CCGB;COROGENE;DUKE_2;EGCUT;FGENTCARD;FHS;FINRISK;FamHS;GENRIC;GerMIFS;GoDARTS;HPS;HSDS;HSIEA;ITH;LIFE-HEART;LOLIPOP;LURIC;MAYO-VDB;MIGen;MedSTAR;OHGS;PIVUS;PROCARDIS;PROMIS;PROSPER;PennCATH;RS;SDS;TwinGene;ULSAM;WGHS;WTCCC,187599.0,187599.0
PGS000747,PGS002775,True,0.23535647366041504,1.0,41,ADVANCE;AGES;AIDHS;ARIC;BAS;BioMe;CARDIOGENICS;CAS;CCGB;COROGENE;DUKE_2;EGCUT;FGENTCARD;FHS;FINRISK;FamHS;GENRIC;GerMIFS;GoDARTS;HPS;HSDS;HSIEA;ITH;LIFE-HEART;LOLIPOP;LURIC;MAYO-VDB;MIGen;MedSTAR;OHGS;PIVUS;PROCARDIS;PROMIS;PROSPER;PennCATH;RS;SDS;TwinGene;ULSAM;WGHS;WTCCC,187599.0,187599.0
PGS000747,PGS002776,True,0.3571116235565884,1.0,41,ADVANCE;AGES;AIDHS;ARIC;BAS;BioMe;CARDIOGENICS;CAS;CCGB;COROGENE;DUKE_2;EGCUT;FGENTCARD;FHS;FINRISK;FamHS;GENRIC;GerMIFS;GoDARTS;HPS;HSDS;HSIEA;ITH;LIFE-HEART;LOLIPOP;LURIC;MAYO-VDB;MIGen;MedSTAR;OHGS;PIVUS;PROCARDIS;PROMIS;PROSPER;PennCATH;RS;SDS;TwinGene;ULSAM;WGHS;WTCCC,187599.0,187599.0
PGS000747,PGS003446,True,0.41536746933785745,0.0,0,,187599.0,959564.0
PGS000747,PGS003727,True,0.5142026901676394,0.0,0,,187599.0,287603.0
PGS000747,PGS004237,True,-0.5993250364636105,nan,0,,187599.0,187599.0
PGS000747,PGS004595,True,0.1091477810407912,0.0,0,,187599.0,773268.0
PGS000747,PGS004596,True,0.11117376579230417,nan,0,,187599.0,187599.0
PGS000747,PGS004697,True,0.41828006398884005,0.0,0,,187599.0,1866350.0
PGS000747,PGS004698,True,0.453148575022935,0.0,0,,187599.0,1093080.0
PGS000747,PGS005152,True,0.1698221912985734,nan,0,,187599.0,215310.0
PGS000747,PGS005293,True,0.4230677789053937,nan,0,,187599.0,310368.0
PGS000747,PGS005294,True,0.4230677789053937,nan,0,,187599.0,310368.0
PGS000747,PGS005295,True,0.4435824413586287,nan,0,,187599.0,310368.0
PGS000747,PGS012530,True,0.3652154650345384,0.02702702702702703,2,BAS;CAS,187599.0,14829200.0
PGS000747,PGS012542,True,0.4561968458448083,0.0,0,,187599.0,162973.0
PGS000747,PGS012581,True,0.12664986418021643,nan,0,,187599.0,187599.0
PGS000749,PGS001780,True,0.8163682028410062,1.0,41,ADVANCE;AGES;AIDHS;ARIC;BAS;BioMe;CARDIOGENICS;CAS;CCGB;COROGENE;DUKE_2;EGCUT;FGENTCARD;FHS;FINRISK;FamHS;GENRIC;GerMIFS;GoDARTS;HPS;HSDS;HSIEA;ITH;LIFE-HEART;LOLIPOP;LURIC;MAYO-VDB;MIGen;MedSTAR;OHGS;PIVUS;PROCARDIS;PROMIS;PROSPER;PennCATH;RS;SDS;TwinGene;ULSAM;WGHS;WTCCC,187599.0,187599.0
PGS000749,PGS002775,True,0.3497281612674628,1.0,41,ADVANCE;AGES;AIDHS;ARIC;BAS;BioMe;CARDIOGENICS;CAS;CCGB;COROGENE;DUKE_2;EGCUT;FGENTCARD;FHS;FINRISK;FamHS;GENRIC;GerMIFS;GoDARTS;HPS;HSDS;HSIEA;ITH;LIFE-HEART;LOLIPOP;LURIC;MAYO-VDB;MIGen;MedSTAR;OHGS;PIVUS;PROCARDIS;PROMIS;PROSPER;PennCATH;RS;SDS;TwinGene;ULSAM;WGHS;WTCCC,187599.0,187599.0
PGS000749,PGS002776,True,0.43265912029509634,1.0,41,ADVANCE;AGES;AIDHS;ARIC;BAS;BioMe;CARDIOGENICS;CAS;CCGB;COROGENE;DUKE_2;EGCUT;FGENTCARD;FHS;FINRISK;FamHS;GENRIC;GerMIFS;GoDARTS;HPS;HSDS;HSIEA;ITH;LIFE-HEART;LOLIPOP;LURIC;MAYO-VDB;MIGen;MedSTAR;OHGS;PIVUS;PROCARDIS;PROMIS;PROSPER;PennCATH;RS;SDS;TwinGene;ULSAM;WGHS;WTCCC,187599.0,187599.0
PGS000749,PGS003446,True,0.44263759048661466,0.0,0,,187599.0,959564.0
PGS000749,PGS003727,True,0.6456811777604406,0.0,0,,187599.0,287603.0
PGS000749,PGS004237,True,-0.7896295546582713,nan,0,,187599.0,187599.0
PGS000749,PGS004595,True,0.16509831814041087,0.0,0,,187599.0,773268.0
PGS000749,PGS004596,True,0.1856949069751651,nan,0,,187599.0,187599.0
PGS000749,PGS004697,True,0.49645920028726137,0.0,0,,187599.0,1866350.0
PGS000749,PGS004698,True,0.5490760140393176,0.0,0,,187599.0,1093080.0
PGS000749,PGS005152,True,0.2657941798194558,nan,0,,187599.0,215310.0
PGS000749,PGS005293,True,0.5838031146615597,nan,0,,187599.0,310368.0
PGS000749,PGS005294,True,0.5838031146615597,nan,0,,187599.0,310368.0
PGS000749,PGS005295,True,0.6034964441685208,nan,0,,187599.0,310368.0
PGS000749,PGS012530,True,0.5058325889205367,0.02702702702702703,2,BAS;CAS,187599.0,14829200.0
PGS000749,PGS012542,True,0.6035913990623184,0.0,0,,187599.0,162973.0
PGS000749,PGS012581,True,0.12380528088716333,nan,0,,187599.0,187599.0
PGS001780,PGS002775,True,0.5120696774218101,1.0,41,ADVANCE;AGES;AIDHS;ARIC;BAS;BioMe;CARDIOGENICS;CAS;CCGB;COROGENE;DUKE_2;EGCUT;FGENTCARD;FHS;FINRISK;FamHS;GENRIC;GerMIFS;GoDARTS;HPS;HSDS;HSIEA;ITH;LIFE-HEART;LOLIPOP;LURIC;MAYO-VDB;MIGen;MedSTAR;OHGS;PIVUS;PROCARDIS;PROMIS;PROSPER;PennCATH;RS;SDS;TwinGene;ULSAM;WGHS;WTCCC,187599.0,187599.0
PGS001780,PGS002776,True,0.6137627799054963,1.0,41,ADVANCE;AGES;AIDHS;ARIC;BAS;BioMe;CARDIOGENICS;CAS;CCGB;COROGENE;DUKE_2;EGCUT;FGENTCARD;FHS;FINRISK;FamHS;GENRIC;GerMIFS;GoDARTS;HPS;HSDS;HSIEA;ITH;LIFE-HEART;LOLIPOP;LURIC;MAYO-VDB;MIGen;MedSTAR;OHGS;PIVUS;PROCARDIS;PROMIS;PROSPER;PennCATH;RS;SDS;TwinGene;ULSAM;WGHS;WTCCC,187599.0,187599.0
PGS001780,PGS003446,True,0.40923679906380767,0.0,0,,187599.0,959564.0
PGS001780,PGS003727,True,0.7571395647513701,0.0,0,,187599.0,287603.0
PGS001780,PGS004237,True,-0.9361070923421172,nan,0,,187599.0,187599.0
PGS001780,PGS004595,True,0.2523976635474836,0.0,0,,187599.0,773268.0
PGS001780,PGS004596,True,0.3251443515969715,nan,0,,187599.0,187599.0
PGS001780,PGS004697,True,0.5791287856447946,0.0,0,,187599.0,1866350.0
PGS001780,PGS004698,True,0.5548254065227484,0.0,0,,187599.0,1093080.0
PGS001780,PGS005152,True,0.3766036431065512,nan,0,,187599.0,215310.0
PGS001780,PGS005293,True,0.6909309012514255,nan,0,,187599.0,310368.0
PGS001780,PGS005294,True,0.6909309012514255,nan,0,,187599.0,310368.0
PGS001780,PGS005295,True,0.7069583501514055,nan,0,,187599.0,310368.0
PGS001780,PGS012530,True,0.6346817921650569,0.02702702702702703,2,BAS;CAS,187599.0,14829200.0
PGS001780,PGS012542,True,0.6937089127425913,0.0,0,,187599.0,162973.0
PGS001780,PGS012581,True,0.2905065180911755,nan,0,,187599.0,187599.0
PGS002775,PGS002776,True,0.7804682175457947,1.0,41,ADVANCE;AGES;AIDHS;ARIC;BAS;BioMe;CARDIOGENICS;CAS;CCGB;COROGENE;DUKE_2;EGCUT;FGENTCARD;FHS;FINRISK;FamHS;GENRIC;GerMIFS;GoDARTS;HPS;HSDS;HSIEA;ITH;LIFE-HEART;LOLIPOP;LURIC;MAYO-VDB;MIGen;MedSTAR;OHGS;PIVUS;PROCARDIS;PROMIS;PROSPER;PennCATH;RS;SDS;TwinGene;ULSAM;WGHS;WTCCC,187599.0,187599.0
PGS002775,PGS003446,True,0.13326252491070598,0.0,0,,187599.0,959564.0
PGS002775,PGS003727,True,0.5033904551279399,0.0,0,,187599.0,287603.0
PGS002775,PGS004237,True,-0.6365830146602661,nan,0,,187599.0,187599.0
PGS002775,PGS004595,True,0.3231077901580076,0.0,0,,187599.0,773268.0
PGS002775,PGS004596,True,0.52409572286443,nan,0,,187599.0,187599.0
PGS002775,PGS004697,True,0.3483552570001502,0.0,0,,187599.0,1866350.0
PGS002775,PGS004698,True,0.39600307523526945,0.0,0,,187599.0,1093080.0
PGS002775,PGS005152,True,0.38832205240429607,nan,0,,187599.0,215310.0
PGS002775,PGS005293,True,0.5183175109739151,nan,0,,187599.0,310368.0
PGS002775,PGS005294,True,0.5183175109739151,nan,0,,187599.0,310368.0
PGS002775,PGS005295,True,0.5108375130325461,nan,0,,187599.0,310368.0
PGS002775,PGS012530,True,0.5297945642084798,0.02702702702702703,2,BAS;CAS,187599.0,14829200.0
PGS002775,PGS012542,True,0.41992676637232346,0.0,0,,187599.0,162973.0
PGS002775,PGS012581,True,0.4058598953075479,nan,0,,187599.0,187599.0
PGS002776,PGS003446,True,0.2037697236076486,0.0,0,,187599.0,959564.0
PGS002776,PGS003727,True,0.5753872772122485,0.0,0,,187599.0,287603.0
PGS002776,PGS004237,True,-0.712958389289278,nan,0,,187599.0,187599.0
PGS002776,PGS004595,True,0.3093189398856311,0.0,0,,187599.0,773268.0
PGS002776,PGS004596,True,0.5154854150481635,nan,0,,187599.0,187599.0
PGS002776,PGS004697,True,0.4163902286754599,0.0,0,,187599.0,1866350.0
PGS002776,PGS004698,True,0.4229537841613427,0.0,0,,187599.0,1093080.0
PGS002776,PGS005152,True,0.4026927993355092,nan,0,,187599.0,215310.0
PGS002776,PGS005293,True,0.5841919807776497,nan,0,,187599.0,310368.0
PGS002776,PGS005294,True,0.5841919807776497,nan,0,,187599.0,310368.0
PGS002776,PGS005295,True,0.5813758566788665,nan,0,,187599.0,310368.0
PGS002776,PGS012530,True,0.5796445464520125,0.02702702702702703,2,BAS;CAS,187599.0,14829200.0
PGS002776,PGS012542,True,0.5013563475646998,0.0,0,,187599.0,162973.0
PGS002776,PGS012581,True,0.48269148241341864,nan,0,,187599.0,187599.0
PGS003446,PGS003727,True,0.4040963838222692,0.25,1,CARDIoGRAMplusC4D,959564.0,287603.0
PGS003446,PGS004237,True,-0.36573818512973333,nan,0,,959564.0,187599.0
PGS003446,PGS004595,True,0.08173125940435955,0.75,3,CARDIoGRAMplusC4D;MVP;UKB,959564.0,773268.0
PGS003446,PGS004596,True,0.034787818518239026,nan,0,,959564.0,187599.0
PGS003446,PGS004697,True,0.6821273006324835,1.0,4,BBJ;CARDIoGRAMplusC4D;MVP;UKB,959564.0,1866350.0
PGS003446,PGS004698,True,0.8809867844584626,1.0,4,BBJ;CARDIoGRAMplusC4D;MVP;UKB,959564.0,1093080.0
PGS003446,PGS005152,True,0.17963090977213259,nan,0,,959564.0,215310.0
PGS003446,PGS005293,True,0.37902307442741867,nan,0,,959564.0,310368.0
PGS003446,PGS005294,True,0.37902307442741867,nan,0,,959564.0,310368.0
PGS003446,PGS005295,True,0.39583617495320444,nan,0,,959564.0,310368.0
PGS003446,PGS012530,True,0.4030975215123255,0.11428571428571428,4,BBJ;CARDIoGRAMplusC4D;MVP;UKB,959564.0,14829200.0
PGS003446,PGS012542,True,0.39588505411881053,0.0,0,,959564.0,162973.0
PGS003446,PGS012581,True,0.04778239388365647,nan,0,,959564.0,187599.0
PGS003727,PGS004237,True,-0.7861110415576857,nan,0,,287603.0,187599.0
PGS003727,PGS004595,True,0.27437330388216485,0.3333333333333333,1,CARDIoGRAMplusC4D,287603.0,773268.0
PGS003727,PGS004596,True,0.3335377178760014,nan,0,,287603.0,187599.0
PGS003727,PGS004697,True,0.5954434534537253,0.25,1,CARDIoGRAMplusC4D,287603.0,1866350.0
PGS003727,PGS004698,True,0.5757803807321893,0.25,1,CARDIoGRAMplusC4D,287603.0,1093080.0
PGS003727,PGS005152,True,0.38597136477159244,nan,0,,287603.0,215310.0
PGS003727,PGS005293,True,0.6911294276524783,nan,0,,287603.0,310368.0
PGS003727,PGS005294,True,0.6911294276524783,nan,0,,287603.0,310368.0
PGS003727,PGS005295,True,0.699841338957461,nan,0,,287603.0,310368.0
PGS003727,PGS012530,True,0.6838567479789924,0.02857142857142857,1,CARDIoGRAMplusC4D,287603.0,14829200.0
PGS003727,PGS012542,True,0.6782301530194181,0.0,0,,287603.0,162973.0
PGS003727,PGS012581,True,0.2784909390048402,nan,0,,287603.0,187599.0
PGS004237,PGS004595,True,-0.29796399982278704,nan,0,,187599.0,773268.0
PGS004237,PGS004596,True,-0.47549207583125713,nan,0,,187599.0,187599.0
PGS004237,PGS004697,True,-0.5741835377712103,nan,0,,187599.0,1866350.0
PGS004237,PGS004698,True,-0.5657069730654891,nan,0,,187599.0,1093080.0
PGS004237,PGS005152,True,-0.44320008259695176,nan,0,,187599.0,215310.0
PGS004237,PGS005293,True,-0.7469393627242967,nan,0,,187599.0,310368.0
PGS004237,PGS005294,True,-0.7469393627242967,nan,0,,187599.0,310368.0
PGS004237,PGS005295,True,-0.7553990539331993,nan,0,,187599.0,310368.0
PGS004237,PGS012530,True,-0.6981549150674267,nan,0,,187599.0,14829200.0
PGS004237,PGS012542,True,-0.711419149730899,nan,0,,187599.0,162973.0
PGS004237,PGS012581,True,-0.3508001444052045,nan,0,,187599.0,187599.0
PGS004595,PGS004596,True,0.47652616818614973,nan,0,,773268.0,187599.0
PGS004595,PGS004697,True,0.20047091067421713,0.75,3,CARDIoGRAMplusC4D;MVP;UKB,773268.0,1866350.0
PGS004595,PGS004698,True,0.20382513235939773,0.75,3,CARDIoGRAMplusC4D;MVP;UKB,773268.0,1093080.0
PGS004595,PGS005152,True,0.18584641212377048,nan,0,,773268.0,215310.0
PGS004595,PGS005293,True,0.29231660478381205,nan,0,,773268.0,310368.0
PGS004595,PGS005294,True,0.29231660478381205,nan,0,,773268.0,310368.0
PGS004595,PGS005295,True,0.28832877926752826,nan,0,,773268.0,310368.0
PGS004595,PGS012530,True,0.30035395931788467,0.08571428571428572,3,CARDIoGRAMplusC4D;MVP;UKB,773268.0,14829200.0
PGS004595,PGS012542,True,0.25929113012999355,0.0,0,,773268.0,162973.0
PGS004595,PGS012581,True,0.15156629304188646,nan,0,,773268.0,187599.0
PGS004596,PGS004697,True,0.21377688361740596,nan,0,,187599.0,1866350.0
PGS004596,PGS004698,True,0.21232279559639322,nan,0,,187599.0,1093080.0
PGS004596,PGS005152,True,0.3199213248505142,nan,0,,187599.0,215310.0
PGS004596,PGS005293,True,0.38555067497897594,nan,0,,187599.0,310368.0
PGS004596,PGS005294,True,0.38555067497897594,nan,0,,187599.0,310368.0
PGS004596,PGS005295,True,0.3786373936032517,nan,0,,187599.0,310368.0
PGS004596,PGS012530,True,0.39041430737558486,nan,0,,187599.0,14829200.0
PGS004596,PGS012542,True,0.2518161989347344,nan,0,,187599.0,162973.0
PGS004596,PGS012581,True,0.15915980927916212,nan,0,,187599.0,187599.0
PGS004697,PGS004698,True,0.7540893113486253,1.0,4,BBJ;CARDIoGRAMplusC4D;MVP;UKB,1866350.0,1093080.0
PGS004697,PGS005152,True,0.29287335801459885,nan,0,,1866350.0,215310.0
PGS004697,PGS005293,True,0.5709094622059004,nan,0,,1866350.0,310368.0
PGS004697,PGS005294,True,0.5709094622059004,nan,0,,1866350.0,310368.0
PGS004697,PGS005295,True,0.5843643366448116,nan,0,,1866350.0,310368.0
PGS004697,PGS012530,True,0.6071686104530293,0.11428571428571428,4,BBJ;CARDIoGRAMplusC4D;MVP;UKB,1866350.0,14829200.0
PGS004697,PGS012542,True,0.5708033897959403,0.0,0,,1866350.0,162973.0
PGS004697,PGS012581,True,0.17894447052331278,nan,0,,1866350.0,187599.0
PGS004698,PGS005152,True,0.3278173162298798,nan,0,,1093080.0,215310.0
PGS004698,PGS005293,True,0.5661038061158776,nan,0,,1093080.0,310368.0
PGS004698,PGS005294,True,0.5661038061158776,nan,0,,1093080.0,310368.0
PGS004698,PGS005295,True,0.5765587753300028,nan,0,,1093080.0,310368.0
PGS004698,PGS012530,True,0.6098518892904418,0.11428571428571428,4,BBJ;CARDIoGRAMplusC4D;MVP;UKB,1093080.0,14829200.0
PGS004698,PGS012542,True,0.5540069104281306,0.0,0,,1093080.0,162973.0
PGS004698,PGS012581,True,0.16908135144965994,nan,0,,1093080.0,187599.0
PGS005152,PGS005293,True,0.3855517815435729,nan,0,,215310.0,310368.0
PGS005152,PGS005294,True,0.3855517815435729,nan,0,,215310.0,310368.0
PGS005152,PGS005295,True,0.38250294302534543,nan,0,,215310.0,310368.0
PGS005152,PGS012530,True,0.517905969440155,nan,0,,215310.0,14829200.0
PGS005152,PGS012542,True,0.35296053280858963,nan,0,,215310.0,162973.0
PGS005152,PGS012581,True,0.2204604233023793,nan,0,,215310.0,187599.0
PGS005293,PGS005294,True,1.0000000000000002,nan,0,,310368.0,310368.0
PGS005293,PGS005295,True,0.9956813239020104,nan,0,,310368.0,310368.0
PGS005293,PGS012530,True,0.6853606697476694,nan,0,,310368.0,14829200.0
PGS005293,PGS012542,True,0.6560412909866554,nan,0,,310368.0,162973.0
PGS005293,PGS012581,True,0.255796907818203,nan,0,,310368.0,187599.0
PGS005294,PGS005295,True,0.9956813239020104,nan,0,,310368.0,310368.0
PGS005294,PGS012530,True,0.6853606697476694,nan,0,,310368.0,14829200.0
PGS005294,PGS012542,True,0.6560412909866554,nan,0,,310368.0,162973.0
PGS005294,PGS012581,True,0.255796907818203,nan,0,,310368.0,187599.0
PGS005295,PGS012530,True,0.6862222072725767,nan,0,,310368.0,14829200.0
PGS005295,PGS012542,True,0.6629499386727226,nan,0,,310368.0,162973.0
PGS005295,PGS012581,True,0.2518017571832462,nan,0,,310368.0,187599.0
PGS012530,PGS012542,True,0.7085914187784885,0.0,0,,14829200.0,162973.0
PGS012530,PGS012581,True,0.29037849148373374,nan,0,,14829200.0,187599.0
PGS012542,PGS012581,True,0.2653456920059659,nan,0,,162973.0,187599.0
